1,samarindamobil,1,6472,WTS Yaris 2016 bekas dokter. kondisi interior eksterior rapih. hubungi kontak yang tersedia!!,125000000,True,2020-03-01
2,samarindamobil,2,6472,WTS Yaris 2016 tangan pertama. cek sendiri datang ke lokasi bawa mekanik terpercayamu !,115000000,True,2020-03-01
3,rangers123,3,3173,JUAL YARIS 2015 PEMAKAIAN PRIBADI. COD JAKARTA ONLY,123000000,True,2021-04-09
4,bonvoyage55,4,3172,jual yaris 2020 kilometer rendah pemakaian kota. hubungi budi bondowoso +6283125963,200000000,True,2022-03-04
5,merkurius22,5,3172,JUAL YARIS 2019 MANUAL PEMAKAIAN KOTA. HARGA NETT !!,150000000,False,2022-09-08
6,sotong144,6,3173,JUAL TOYOTA RUSH PEMAKAIAN PRIBADI BUKAN BEKAS TAKSOL HARGA KARET!!,123000000,True,2021-04-09
7,bentengtakeshi,7,3573,JUAL CEPAT TOYOTA RUSH BU HUBUNGI NUGI BY WHATSAPP +62831252297,163000000,True,2023-04-09
8,rembrembo,8,1371,jual santai toyota rush langsung nego gan,165000000,True,2022-04-09
9,bocilkematian,9,3171,jual camry bekas pejabat. kondisi mint perawatan apik uang negara. bisa nego cantik,200000000,True,2022-05-09
10,setiabudi.mobil,10,3273,setiabudi mobil. mobil bekas tapi tetap berkelas demi hati pelanggan puas. info lebih lanjut hubungi anto +62228424123,70000000,True,2022-04-09
11,setiabudi.mobil,11,3273,setiabudi mobil. mobil bekas tapi tetap berkelas demi hati pelanggan puas. info lebih lanjut hubungi anto +62228424123,65000000,True,2022-04-09
12,setiabudi.mobil,12,3273,setiabudi mobil. mobil bekas tapi tetap berkelas demi hati pelanggan puas. info lebih lanjut hubungi anto +62228424123,80000000,True,2022-04-09
13,setiabudi.mobil,13,3273,setiabudi mobil. mobil bekas tapi tetap berkelas demi hati pelanggan puas. info lebih lanjut hubungi anto +62228424123,323000000,True,2023-04-09
14,setiabudi.mobil,14,3273,setiabudi mobil. mobil bekas tapi tetap berkelas demi hati pelanggan puas. info lebih lanjut hubungi anto +62228424123,383000000,True,2023-04-09
15,rajamobil88,15,3273,raja mobil rajanya fortuner. hubungi whatsapp engkos +622156328592,223000000,True,2022-04-09
16,rajamobil88,16,3273,raja mobil rajanya fortuner. hubungi whatsapp engkos +622156328592,351000000,True,2023-02-09
17,mobilbekasjakarta,17,3174,anda mencari avanza untuk keluarga dengan harga miring? hubungi mobilbekasjakarta +62212512311. JAMIN BUKAN BEKAS TAKSI/TAKSOL,180000000,True,2023-01-09
18,mobilbekasjakarta,18,3174,anda mencari avanza untuk keluarga dengan harga miring? hubungi mobilbekasjakarta +62212512311. JAMIN BUKAN BEKAS TAKSI/TAKSOL,110000000,True,2023-02-09
19,mobilbekasjakarta,19,3174,anda mencari avanza untuk keluarga dengan harga miring? hubungi mobilbekasjakarta +62212512311. JAMIN BUKAN BEKAS TAKSI/TAKSOL,200000000,True,2023-03-09
20,mobilbekasjakarta,20,3174,anda mencari avanza untuk keluarga dengan harga miring? hubungi mobilbekasjakarta +62212512311. JAMIN BUKAN BEKAS TAKSI/TAKSOL,123000000,True,2022-10-09
21,mobilbekasjakarta,21,3174,anda mencari avanza untuk keluarga dengan harga miring? hubungi mobilbekasjakarta +62212512311. JAMIN BUKAN BEKAS TAKSI/TAKSOL,153000000,True,2022-11-09
22,mobilbekasjakarta,22,3174,anda mencari avanza untuk keluarga dengan harga miring? hubungi mobilbekasjakarta +62212512311. JAMIN BUKAN BEKAS TAKSI/TAKSOL,150000000,True,2022-09-09
23,balipreloved,23,5171,Ayla bekas pemakaian pribadi. nego cantik !,110000000,True,2021-04-09
24,balipreloved,24,5171,ayla bekas pemakaian pribadi. open nego !,135000000,True,2022-04-09
25,desuexmakima,25,5171,ayla plat dk bekas dokter tangan pertama pajak akur !!,110000000,True,2023-01-09
26,samarindamobil,26,6472,SELLER TRUSTED MOKAS AREA SAMARINDA DAN SEKITARNYA HUBUNGI SAMARINDA MOBIL,105000000,True,2021-04-09
27,samarindamobil,27,6472,SELLER TRUSTED MOKAS AREA SAMARINDA DAN SEKITARNYA HUBUNGI SAMARINDA MOBIL,130000000,True,2021-08-30
28,samarindamobil,28,6472,SELLER TRUSTED MOKAS AREA SAMARINDA DAN SEKITARNYA HUBUNGI SAMARINDA MOBIL,90000000,True,2023-01-28
29,mugiwaramobil,29,3578,MUGIWARA MOBIL. MOKAS BERKUALITAS DIJAMIN BISA MUTERIN GRANDLINE AND BACK,92000000,True,2022-09-10
30,mugiwaramobil,30,3578,MUGIWARA MOBIL. MOKAS BERKUALITAS DIJAMIN BISA MUTERIN GRANDLINE AND BACK,190000000,True,2020-05-21
31,mugiwaramobil,31,3578,MUGIWARA MOBIL. MOKAS BERKUALITAS DIJAMIN BISA MUTERIN GRANDLINE AND BACK,170000000,True,2020-10-08
32,mugiwaramobil,32,3578,MUGIWARA MOBIL. MOKAS BERKUALITAS DIJAMIN BISA MUTERIN GRANDLINE AND BACK,152000000,True,2021-05-26
33,konohautomobile,33,3173,Penyedia mobil bekas murah untuk keluarga konoha bahagia. Daihatsu sigra bisa nego !,190000000,True,2021-01-28
34,konohautomobile,34,3173,Penyedia mobil bekas murah untuk keluarga konoha bahagia. Daihatsu sigra bisa nego !,195000000,True,2022-06-10
35,ishinomiyasecondhand,35,1371,CHILD COMPANY DARI ISHINOMIYA.INC. MENJUAL MOBIL BEKAS BERKUALITAS TANPA ADA DOMPET YANG TERKURAS. RAJANYA XENIA AREA PADANG !!,95000000,True,2021-10-07
36,ishinomiyasecondhand,36,1371,CHILD COMPANY DARI ISHINOMIYA.INC. MENJUAL MOBIL BEKAS BERKUALITAS TANPA ADA DOMPET YANG TERKURAS. RAJANYA XENIA AREA PADANG !!,98000000,True,2021-05-20
37,ishinomiyasecondhand,37,1371,CHILD COMPANY DARI ISHINOMIYA.INC. MENJUAL MOBIL BEKAS BERKUALITAS TANPA ADA DOMPET YANG TERKURAS. RAJANYA XENIA AREA PADANG !!,102000000,True,2021-09-30
38,nierautomobile,38,6471,nierautomobile hanya menjual mobil bekas pemakaian pribadi. dijamin terawat !! XENIA murah bekas saudara !!,133000000,True,2022-01-21
39,nierautomobile,39,6471,nierautomobile hanya menjual mobil bekas pemakaian pribadi. dijamin terawat !! XENIA murah bekas mantan istri !!,143000000,True,2021-05-31
40,mobillegend,40,3175,jual brio bekas pemakaian pribadi. kondisi apik. harga nett no nego !!,122000000,False,2022-11-01
41,mobillegend,41,3175,jual brio bekas pemakaian pribadi. kondisi apik. harga nett no nego !!,130000000,False,2021-11-28
42,showroomgroovestreet,42,3471,Groove street. home ! MENJUAL MOBIL IMPIAN UNTUK WARGA LOS SANTOS DAN SEKITARNYA!! HUBUNGI C.J +6287865324913,121000000,True,2021-08-20
43,showroomgroovestreet,43,3471,Groove street. home ! MENJUAL MOBIL IMPIAN UNTUK WARGA LOS SANTOS DAN SEKITARNYA!! HUBUNGI C.J +6287865324913,137000000,True,2022-12-04
44,showroomgroovestreet,44,3471,Groove street. home ! MENJUAL MOBIL IMPIAN UNTUK WARGA LOS SANTOS DAN SEKITARNYA!! HUBUNGI C.J +6287865324913,158000000,True,2020-03-03
45,showroomgroovestreet,45,3471,Groove street. home ! MENJUAL MOBIL IMPIAN UNTUK WARGA LOS SANTOS DAN SEKITARNYA!! HUBUNGI C.J +6287865324913,275000000,True,2021-10-04
46,showroomgroovestreet,46,3471,Groove street. home ! MENJUAL MOBIL IMPIAN UNTUK WARGA LOS SANTOS DAN SEKITARNYA!! HUBUNGI C.J +6287865324913,95000000,True,2022-12-02
47,showroomgroovestreet,47,3471,Groove street. home ! MENJUAL MOBIL IMPIAN UNTUK WARGA LOS SANTOS DAN SEKITARNYA!! HUBUNGI C.J +6287865324913,300000000,True,2021-08-04    
48,kolektormobil,48,1375,CRV Facelift dengan perawatan ciamik kilometer rendah dan terawat,300000000,True,2020-12-29
49,kolektormobil,49,1375,"honda jazz pemakaian pribadi. owner pecinta mobil, service record dan pajak aman.",275000000,True,2022-11-22
50,kolektormobil,50,1375,"honda jazz rendah, ex-owner terkenal sebagai pecinta mobil dan youtuber otomotif. dijamin zero problem",258000000,True,2020-05-09
51,kolektormobil,51,1375,civic hatchback 2016 bekas pemakaian dokter. service record aman dan kondisi interior mint !,300000000,True,2020-02-03
52,kolektormobil,52,1375,civic sedan langka! kilometer rendah pemakaian dalam kota !!,320000000,True,2021-12-18
53,kolektormobil,53,1375,MOBIL SI BOY !! E 30 FULL TERAWAT TOTAL SERVICE TERAKHIR HABIS 90 JUTA BON TERLAMPIR. NO NEGO !,145000000,False,2021-04-24
54,sukamobilbekas,54,3471,"SUKA MOBIL BEKAS RAJANYA BMW ! SEMUA BARANG DIJAMIN TERAWAT, PAJAK ON, DAN SERVICE RECORD LENGKAP !! HUBUNGI DENI +625125236246537",70000000,True,2020-05-23
55,sukamobilbekas,55,3471,"SUKA MOBIL BEKAS RAJANYA BMW ! SEMUA BARANG DIJAMIN TERAWAT, PAJAK ON, DAN SERVICE RECORD LENGKAP !! HUBUNGI DENI +625125236246537",65000000,True,2021-11-19
56,sukamobilbekas,56,3471,"SUKA MOBIL BEKAS RAJANYA BMW ! SEMUA BARANG DIJAMIN TERAWAT, PAJAK ON, DAN SERVICE RECORD LENGKAP !! HUBUNGI DENI +625125236246537",80000000,True,2022-07-03
57,sukamobilbekas,57,3471,"SUKA MOBIL BEKAS RAJANYA BMW ! SEMUA BARANG DIJAMIN TERAWAT, PAJAK ON, DAN SERVICE RECORD LENGKAP !! HUBUNGI DENI +625125236246537",75000000,True,2021-06-26
58,sukamobilbekas,58,3471,"SUKA MOBIL BEKAS RAJANYA BMW ! SEMUA BARANG DIJAMIN TERAWAT, PAJAK ON, DAN SERVICE RECORD LENGKAP !! HUBUNGI DENI +625125236246537",85000000,True,2021-09-09
59,peterpancar,59,3273,PETERPAN CAR LORD BMW BANDUNG ! CARI BMW RETRO HANYA DI PETERPAN CAR !!,90000000,True,2021-02-18
60,peterpancar,60,3273,PETERPAN CAR LORD BMW BANDUNG ! CARI BMW RETRO HANYA DI PETERPAN CAR !!,95000000,True,2023-01-21
61,peterpancar,61,3273,PETERPAN CAR LORD BMW BANDUNG ! CARI BMW RETRO HANYA DI PETERPAN CAR !!,110000000,True,2020-05-14
62,peterpancar,62,3273,PETERPAN CAR LORD BMW BANDUNG ! CARI BMW RETRO HANYA DI PETERPAN CAR !!,70000000,True,2020-10-09
63,peterpancar,63,3273,PETERPAN CAR LORD BMW BANDUNG ! CARI BMW RETRO HANYA DI PETERPAN CAR !!,71000000,True,2020-12-05
64,jualmobilsitamurah,64,6471,,70000000,True,2021-12-10
65,jualmobilsitamurah,65,6471,,300000000,True,2022-12-28
66,jualmobilsitamurah,66,6471,,350000000,True,2021-03-17
67,kimetsunoriba,67,3578,KOLEKTOR JIMNY ! pemakaian pribadi jimny baru barang terawat harga nett!,400000000,False,2020-06-23
68,kimetsunoriba,68,3578,suzuki jimny jadul barang apik body interior terawat surat surat akur harga nett,85000000,False,2022-06-02
69,salisendiri,69,1371,,75000000,True,2022-11-15
70,salisendiri,70,1371,,80000000,True,2022-01-07
71,soodoadoonrainu,71,6472,,60000000,True,2020-09-18
72,soodoadoonrainu,72,6472,,180000000,True,2020-07-02
73,julianto.98,73,3174,suzuki ertiga pemakaian pribadi. jual nett no nego,200000000,False,2021-12-12
74,junianto.95,74,3174,suzuki ertiga no nego,231000000,False,2023-03-24
75,kimino,75,3471,baleno klasik jual murah!!,55000000,False,2021-10-08
76,saberbestgirl,76,3173,baleno murah !!,52000000,False,2021-05-17
77,empatmata,77,1375,new baleno pemakain pribadi harga nett !!,240000000,False,2022-07-14
